Order_ID,Date,Product,Category,Quantity,Unit_Price,Total_Sales,Cost,Profit,Payment_Method,City
1001,2026-09-01,Laptop,Electronics,1,55000,55000,47000,8000,UPI,Pune
1002,2026-09-01,Mouse,Electronics,3,800,2400,1500,900,Cash,Mumbai
1003,2026-09-02,T-Shirt,Clothing,2,700,1400,900,500,Card,Pune
1004,2026-09-02,Rice 5kg,Grocery,2,450,900,720,180,UPI,Nashik
1005,2026-09-03,Headphones,Electronics,2,1800,3600,2400,1200,Card,Mumbai
1006,2026-09-03,Jeans,Clothing,1,1600,1600,1100,500,Cash,Pune
1007,2026-09-04,Cooking Oil,Grocery,3,180,540,450,90,UPI,Nashik
1008,2026-09-04,Keyboard,Electronics,2,1200,2400,1600,800,UPI,Pune
1009,2026-09-05,Shoes,Clothing,1,2200,2200,1500,700,Card,Mumbai
1010,2026-09-05,Biscuits,Grocery,5,50,250,175,75,Cash,Pune
1011,2026-09-06,Monitor,Electronics,1,12000,12000,9500,2500,Card,Pune
1012,2026-09-06,Shirt,Clothing,3,900,2700,1800,900,UPI,Nashik
1013,2026-09-07,Tea,Grocery,4,250,1000,780,220,Cash,Mumbai
1014,2026-09-07,Webcam,Electronics,1,2500,2500,1700,800,UPI,Pune
1015,2026-09-08,Jacket,Clothing,1,2800,2800,2000,800,Card,Mumbai
